ip,anonymityLevel,asn,country,isp,latency,org,port,protocols,responseTime,speed,updated_at,upTime,upTimeSuccessCount,upTimeTryCount
"95.213.154.54","elite","AS49505","RU","OOO \"Network of data-centers \"Selectel\"","44","N/A","31337","socks5","54","1","2022-10-13T16:10:59.357Z","100","183","183"
"110.93.231.73","elite","AS38193","PK","TRANSWORLD ASSOCIATES (PVT) LIMITED","153","TW RO","5678","socks4","57","1","2022-10-13T16:10:47.787Z","100","65","65"
"80.80.167.249","elite","AS21246","XK","IPKO-PPANP","35","N/A","10801","socks4","55","1","2022-10-13T16:10:41.098Z","99","183","184"
"103.106.216.174","anonymous","AS137329","ID","PT. ARTHA LINTAS DATA MANDIRI","206","N/A","3125","http","53","5000","2022-10-13T16:10:34.567Z","100","80","80"
"89.179.244.233","anonymous","AS8402","RU","CORBINA-BROADBAND","60","N/A","20000","http","103","183","2022-10-13T16:10:31.029Z","100","67","67"
"191.253.106.140","elite","AS28343","BR","Unifique Telecomunicações SA","232","Unifique Telecomunicações SA","8080","socks4","51","1","2022-10-13T16:10:30.274Z","100","147","147"
"78.109.139.51","elite","AS43314","RU","JSC \"ER-Telecom Holding\"","99","JSC local network","5678","socks4","58","1","2022-10-13T16:10:29.584Z","98","108","110"
"47.243.138.23","elite","AS45102","HK","Alibaba (US) Technology Co., Ltd.","261","Alibaba.com LLC","8888","socks5","56","1","2022-10-13T16:10:29.425Z","72","133","184"
"202.162.219.10","elite","AS9341","ID","PT Indonesia Comnets Plus","173","N/A","1080","socks4","56","1","2022-10-13T16:10:29.357Z","99","168","170"
"131.0.246.113","elite","AS61714","BR","supercore tecnologia e informatica eirelli","180","supercore tecnologia e informatica eirelli","4153","socks4","80","1","2022-10-13T16:10:29.470Z","100","182","182"
"188.255.245.177","elite","AS52116","RS","Orion Telekom ISP IP Network in Subotica","37","Orion Telekom Tim d.o.o.Beograd","1080","socks4","57","1","2022-10-13T16:10:28.575Z","100","183","183"
"175.100.64.127","elite","AS38623","KH","VIETTEL (CAMBODIA) PTE., LTD","214","Viettel (cambodia) Pte., Ltd.","9812","http","54","5312","2022-10-13T16:10:28.478Z","96","73","76"
"43.135.154.94","elite","AS132203","US","Shenzhen Tencent Computer Systems Company Limited","148","Tencent Cloud Computing","21127","socks5","55","1","2022-10-13T16:10:27.675Z","100","137","137"
"185.56.246.76","elite","AS41026","PL","KOPnet S.C. Marek Szczudlo Juliusz Kostrzewski","37","Kopnet","8291","socks4","56","1","2022-10-13T16:10:27.045Z","98","179","183"
"88.255.217.48","elite","AS9121","TR","TurkTelekom","75","N/A","1080","socks4","56","1","2022-10-13T16:10:27.648Z","99","143","145"
"47.242.80.133","elite","AS45102","HK","Alibaba.com LLC","243","Hong Kong","27832","socks4","55","1","2022-10-13T16:10:27.893Z","100","143","143"
"45.118.145.52","elite","AS131414","VN","LVSOFT","197","N/A","10308","socks5","57","1","2022-10-13T16:10:27.601Z","99","183","184"
"170.81.140.79","elite","AS28418","MX","Nueva RED Internet De Mexico S De RL De CV","140","Nueva RED Internet De Mexico S De RL De CV","61437","socks4","69","1","2022-10-13T16:10:27.219Z","100","165","165"
"181.188.156.171","anonymous","AS27882","BO","Telefónica Celular de Bolivia S.A.","201","Telefónica Celular de Bolivia S.A","3128","http","50","415","2022-10-13T16:10:26.985Z","100","67","67"
"110.78.81.107","elite","AS9931","TH","CAT Telecom Public Company Limited","174","CAT Telecom public company Ltd","5678","socks4","58","1","2022-10-13T16:10:26.916Z","99","181","183"
"18.230.75.97","anonymous","AS16509","BR","Amazon Technologies Inc.","188","AWS EC2 (sa-east-1)","443","http","88","387","2022-10-13T16:10:26.707Z","100","66","66"
"202.180.23.42","elite","AS38758","ID","PT. HIPERNET INDODATA","184","Hipernet Indodata PT","4153","socks4","73","1","2022-10-13T16:10:26.275Z","95","172","182"
"43.128.174.156","elite","AS132203","IN","Shenzhen Tencent Computer Systems Company Limited","119","Acevillepteltd SG","443","socks5","94","1","2022-10-13T16:10:25.990Z","79","110","140"
"116.58.254.201","elite","AS131090","TH","CAT-BB","165","N/A","4145","socks4","65","1","2022-10-13T16:10:25.810Z","96","174","182"
"213.231.4.181","elite","AS34661","UA","TOV TRK \"Briz\"","50","Briz","8080","socks4","75","1","2022-10-13T16:10:25.269Z","100","106","106"
"115.85.84.163","elite","AS23953","ID","Sudirman Central Business District","210","N/A","5678","socks4","97","1","2022-10-13T16:10:25.431Z","99","182","183"
"102.66.234.23","elite","AS328471","ZA","HERO TELECOMS (PTY) LTD","325","Herotel","5678","socks4","52","1","2022-10-13T16:10:25.787Z","80","66","82"
"180.250.190.148","elite","AS7713","ID","PT. Telekomunikasi Indonesia","204","N/A","1080","socks4","67","1","2022-10-13T16:10:25.272Z","95","142","149"
"188.133.160.22","elite","AS12772","RU","Enforta-NCL","92","N/A","4145","socks4","50","1","2022-10-13T16:10:25.273Z","97","149","153"
"170.254.201.72","elite","AS265130","BR","ultraconexão soluçoes eireli","212","ultraconexão soluçoes eireli","3180","socks4","53","1","2022-10-13T16:10:25.514Z","100","88","88"
"118.172.47.97","elite","AS23969","TH","TOT Public Company Limited","160","TOT Public Company Limited","51327","socks4","65","1","2022-10-13T16:10:25.920Z","99","182","183"
"36.71.8.15","elite","AS7713","ID","PT. TELKOM INDONESIA","176","N/A","4153","socks4","58","1","2022-10-13T16:10:25.654Z","99","182","183"
"31.46.33.59","anonymous","AS5483","HU","htc","38","N/A","53281","http","463","5058","2022-10-13T16:10:25.188Z","100","182","182"
"103.66.232.5","elite","AS134014","IN","NET 4 U SERVICES","111","N/A","4145","socks4","57","1","2022-10-13T16:10:25.271Z","100","138","138"
"104.27.37.131","elite","AS13335","CA","Cloudflare, Inc.","2","Cloudflare, Inc.","80","socks4","71","1","2022-10-13T16:10:24.813Z","100","90","90"
"201.221.134.202","elite","AS22368","CO","Telebucaramanga S.a. E.S.P.","169","Telebucaramanga S.a. E.S.P","5678","socks4","55","1","2022-10-13T16:10:24.158Z","98","101","103"
"117.26.40.109","elite","AS4134","CN","Chinanet","276","Chinanet FJ","2829","socks4","52","1","2022-10-13T16:10:24.100Z","53","40","75"
"5.39.19.152","elite","AS16276","FR","OVH ISP","5","Caunes Sebastien","46529","socks5","94","1","2022-10-13T16:10:24.378Z","99","181","182"
"176.58.17.1","elite","AS203594","PL","FAST NET Michal Szipluk","34","E-CHO","4153","socks4","56","1","2022-10-13T16:10:24.580Z","99","182","183"
"5.9.170.2","elite","AS24940","DE","Hetzner Online GmbH","14","Hetzner","30000","socks4","53","1","2022-10-13T16:10:24.456Z","100","100","100"
"45.56.83.46","elite","AS63949","US","Linode, LLC","143","Linode","8047","socks4","49","1","2022-10-13T16:10:24.912Z","100","97","97"
"46.209.196.146","anonymous","AS42337","IR","Respina Networks & Beyond PJSC","85","Respina","8080","http","55","205","2022-10-13T16:10:24.570Z","100","63","63"
"149.56.140.112","elite","AS16276","CA","OVH SAS","83","OVH Hosting, Inc.","80","socks4","58","1","2022-10-13T16:10:24.451Z","100","64","64"
"80.82.147.5","elite","AS39906","CZ","Coprosys NeTron, s.r.o.","30","NETRON","4153","socks4","75","2","2022-10-13T16:10:23.772Z","98","181","184"
"103.214.156.14","elite","AS135339","BD","Fuad Muhammad Shorfuddin","221","N/A","5678","socks4","54","1","2022-10-13T16:10:23.984Z","100","180","180"
"188.133.159.93","anonymous","AS21353","RU","Enforta-MSK","56","N/A","1256","http","149","119","2022-10-13T16:10:23.613Z","100","69","69"
"220.135.72.149","anonymous","AS3462","TW","Chunghwa Telecom Co., Ltd.","235","Chunghwa Telecom Co. Ltd.","8080","http","61","523","2022-10-13T16:10:23.694Z","100","65","65"
"197.157.254.162","elite","AS37451","CG","Congo Telecom","161","N/A","4145","socks4","88","1","2022-10-13T16:10:23.567Z","96","141","147"
"95.31.35.210","elite","AS3216","RU","Corbina Broadband Kubtelecom","99","OJSC \"Vimpelcom\"","3629","socks4","137","1","2022-10-13T16:10:23.494Z","99","182","183"
"38.10.247.165","anonymous","AS269931","DO","Cogent Communications","229","WIRELESS MULTI SERVICE VARGAS CABRERA, S. R. L","9991","http","73","485","2022-10-13T16:10:23.614Z","94","64","68"
"184.178.172.25","elite","AS22773","US","Cox Communications Inc.","152","Cox Communications Inc.","15291","socks5","94","1","2022-10-13T16:10:23.189Z","100","69","69"
"103.114.96.93","elite","AS137449","BD","Md Obaid Ullah Khan","162","Adel Online","1080","socks4","80","1","2022-10-13T16:10:23.582Z","98","180","184"
"103.85.67.94","elite","AS131111","ID","MORATELINDO","159","Moratelindo","4145","socks4","92","1","2022-10-13T16:10:23.662Z","100","179","179"
"101.51.121.141","elite","AS23969","TH","TOT Public Company Limited","156","TOT Public Company Limited","4153","socks4","76","1","2022-10-13T16:10:23.188Z","99","182","183"
"177.93.76.26","elite","AS263163","BR","JR LINK PROVEDOR DE INTERNET VIA RARIO LTDA","199","JR LINK PROVEDOR DE INTERNET VIA RARIO LTDA","4153","socks4","52","1","2022-10-13T16:10:23.191Z","99","181","183"
"202.93.114.62","anonymous","AS23696","ID","PT Asia Akses Utama","205","N/A","8080","http","167","461","2022-10-13T16:10:23.802Z","100","67","67"
"188.255.244.45","elite","AS52116","RS","Orion Telekom ISP IP Network in Subotica","36","Orion Telekom Tim d.o.o.Beograd","1080","socks4","186","1","2022-10-13T16:10:22.789Z","100","159","159"
"5.58.97.89","anonymous","AS16223","UA","Columbus","43","Lanet Network Ltd","8080","http","56","86","2022-10-13T16:10:22.012Z","97","64","66"
"177.85.157.25","elite","AS52564","BR","Biazi Telecomunicações Ltda Epp","202","Biazi Telecomunicações Ltda Epp","4153","socks4","75","1","2022-10-13T16:10:22.837Z","98","180","183"
"45.116.230.79","elite","AS133301","IN","DWANIRINN","167","Dwan Supports P LTD","4673","socks4","130","1","2022-10-13T16:10:22.276Z","98","179","183"
"110.77.163.5","elite","AS131090","TH","CAT-BB","178","N/A","4145","socks4","77","1","2022-10-13T16:10:22.834Z","99","120","121"
"195.154.243.38","elite","AS12876","FR","Online S.A.S.","698","ONLINE","22314","socks5","206","1","2022-10-13T16:10:22.647Z","86","82","95"
"47.243.190.17","elite","AS45102","HK","Alibaba (US) Technology Co., Ltd.","263","Alibaba.com LLC","8000","socks5","104","1","2022-10-13T16:10:22.835Z","100","99","99"
"154.159.243.94","elite","AS36926","KE","Airtel KE Mobile Broadband","276","N/A","4673","socks4","101","1","2022-10-13T16:10:22.627Z","61","113","184"
"88.132.242.4","elite","AS50181","HU","KabelszatNet-2002. Kft","30","PR-TELECOM ZRt","4153","socks4","92","1","2022-10-13T16:10:22.836Z","99","181","183"
"162.255.110.52","elite","AS54755","US","Desert Winds Wireless","147","Desert Winds Wireless Inc","5678","socks4","346","1","2022-10-13T16:10:22.734Z","99","151","152"
"106.14.242.17","elite","AS37963","CN","Hangzhou Alibaba Advertising Co","262","Aliyun Computing Co., LTD","62869","socks4","197","1","2022-10-13T16:10:22.788Z","97","177","182"
"221.219.97.117","elite","AS4808","CN","China Unicom Beijing Province Network","253","N/A","1080","socks5","275","1","2022-10-13T16:10:22.769Z","63","95","151"
"85.27.195.146","elite","AS34705","DK","Sydfyns-Intranet","23","N/A","5678","socks4","209","1","2022-10-13T16:10:21.012Z","100","77","77"
"45.77.108.208","elite","AS20473","US","The Constant Company","85","Vultr Holdings, LLC","9050","socks4","69","1","2022-10-13T16:10:21.220Z","100","180","180"
"106.14.105.216","elite","AS37963","CN","Hangzhou Alibaba Advertising Co","276","Aliyun Computing Co., LTD","22016","socks5","130","1","2022-10-13T16:10:21.124Z","95","176","185"
"103.85.103.13","elite","AS135788","IN","Vedant Broadband","203","N/A","5678","socks4","68","1","2022-10-13T16:10:21.219Z","99","181","183"
"82.114.68.42","elite","AS29170","AL","Kujtesa Net Sh.p.k.","59","BulgarianEmbassy","5678","socks4","54","1","2022-10-13T16:10:21.966Z","98","180","184"
"50.251.146.121","elite","AS7922","US","Comcast Cable Communications, LLC","128","Comcast Cable Communications, LLC","5678","socks4","291","1","2022-10-13T16:10:21.011Z","100","184","184"
"194.88.105.29","elite","AS49981","NL","WorldStream B.V.","17","Worldstream","30096","socks4","106","1","2022-10-13T16:10:21.723Z","100","117","117"
"124.107.36.198","elite","AS9299","PH","Philippine Long Distance Telephone Co.","227","Philippine Long Distance Telephone Co","5678","socks4","143","1","2022-10-13T16:10:21.066Z","99","180","182"
"185.97.121.197","elite","AS200752","IT","Unitel S.R.L.","61","Spinnaker Srl","4153","socks4","69","1","2022-10-13T16:10:21.282Z","98","169","173"
"45.125.222.125","elite","AS63526","BD","SSD-TECH","174","N/A","47239","socks4","145","1","2022-10-13T16:10:21.142Z","98","180","184"
"103.205.129.65","elite","AS134850","IN","WAY 2 INTERNET PRIVATE LIMITED","111","WAY 2 Internet Private Limited","4145","socks4","51","1","2022-10-13T16:10:21.443Z","100","184","184"
"154.113.86.81","elite","AS37282","NG","Mainone Cable Company","137","MaiOne SME","5678","socks4","171","1","2022-10-13T16:10:21.016Z","100","77","77"
"188.255.247.193","elite","AS52116","RS","Orion Telekom Tim d.o.o.Beograd","58","Orion Telekom Tim d.o.o.Beograd","5678","socks4","307","1","2022-10-13T16:10:21.009Z","97","64","66"
"136.144.237.16","elite","AS20857","NL","TransIP BV","13","N/A","5836","socks4","153","1","2022-10-13T16:10:21.065Z","99","150","151"
"38.242.46.234","elite","AS174","US","Cogent Communications","72","Code 200, UAB","3128","socks5","101","1","2022-10-13T16:10:21.515Z","98","116","118"
"117.121.213.94","elite","AS38794","TH","United Information Highway Co., Ltd.","167","United Information Highway Co., Ltd","7497","socks5","115","1","2022-10-13T16:10:21.014Z","99","122","123"
"5.161.100.145","elite","AS213230","US","Hetzner Online GmbH","79","HETZNER-DC","1080","socks5","130","1","2022-10-13T16:10:21.579Z","98","86","88"
"190.2.213.34","anonymous","AS262186","CO","TV AZTECA SUCURSAL COLOMBIA","186","TV AZTECA SUCURSAL COLOMBIA","6969","http","142","5171","2022-10-13T16:10:21.364Z","98","116","118"
"181.113.34.86","elite","AS28006","EC","Corporacion Nacional De Telecomunicaciones - CNT EP","174","Corporacion Nacional De Telecomunicaciones - CNT EP","48024","socks4","95","1","2022-10-13T16:10:21.154Z","97","67","69"
"186.226.145.228","elite","AS28343","BR","Unifique Telecomunicações SA","231","Unifique Telecomunicações SA","4145","socks4","76","1","2022-10-13T16:10:21.218Z","100","182","182"
"177.93.77.10","elite","AS263163","BR","JR LINK PROVEDOR DE INTERNET VIA RARIO LTDA","195","JR LINK PROVEDOR DE INTERNET VIA RARIO LTDA","4153","socks4","188","1","2022-10-13T16:10:21.013Z","98","181","184"
"157.230.210.133","elite","AS14061","US","DigitalOcean, LLC","85","DigitalOcean, LLC","80","socks4","275","1","2022-10-13T16:10:20.208Z","100","90","90"
"202.107.74.24","elite","AS4837","CN","CNC Group CHINA169 Liaoning Province Network","179","N/A","7312","socks5","51","1","2022-10-13T16:10:20.135Z","77","127","164"
"103.104.141.126","anonymous","AS137189","BD","Brosis","182","N/A","8080","http","107","5228","2022-10-13T16:10:20.612Z","100","68","68"
"104.17.37.235","elite","AS13335","CA","Cloudflare, Inc.","2","Cloudflare, Inc.","80","socks4","215","1","2022-10-13T16:10:20.794Z","100","176","176"
"38.127.172.35","elite","AS174","US","Cogent Communications","81","Torlandia Trading SRL","11537","socks4","345","1","2022-10-13T16:10:20.620Z","100","80","80"
"203.76.117.74","elite","AS23688","BD","Link3 Technologies Limited","267","Corporate Subscriber","4153","socks4","397","1","2022-10-13T16:10:20.134Z","92","146","158"
"177.85.205.121","elite","AS52554","BR","S. A. da Silva Junior","180","S. A. da Silva Junior","3629","socks4","278","1","2022-10-13T16:10:20.207Z","100","183","183"
"186.251.252.9","elite","AS267513","BR","Seanet Telecom Carazinho Eireli","244","Seanet Telecom Carazinho Eireli","31337","socks4","267","1","2022-10-13T16:10:20.208Z","100","178","178"
"185.6.10.99","elite","AS12552","SE","GlobalConnect AB","41","Internet Vikings International AB","62792","socks5","283","1","2022-10-13T16:10:20.902Z","100","89","89"
"45.231.221.193","anonymous","AS28424","MX","Distrokom S De RL De CV","149","Distrokom S De RL De CV","999","http","295","379","2022-10-13T16:10:20.614Z","99","182","184"
"62.171.153.119","elite","AS51167","DE","Contabo GmbH","16","Contabo GmbH","22273","socks4","301","1","2022-10-13T16:10:20.737Z","99","66","67"
"187.103.74.137","elite","AS52965","BR","1telecom Servicos De Tecnologia EM Internet Ltda","162","1telecom Servicos De Tecnologia EM Internet Ltda","5678","socks4","184","1","2022-10-13T16:10:20.612Z","99","150","151"
"157.230.8.196","elite","AS14061","US","DigitalOcean, LLC","85","Digital Ocean","7497","socks5","283","1","2022-10-13T16:10:20.903Z","100","148","148"
"202.158.49.138","elite","AS4787","ID","PT. Cyberindo Aditama","198","N/A","39172","socks4","420","1","2022-10-13T16:10:20.132Z","90","161","178"
"103.30.0.5","elite","AS131778","ID","PT. Dian Nuswantoro Teknologi","205","N/A","4145","socks4","408","1","2022-10-13T16:10:20.134Z","100","145","145"
"139.99.236.128","anonymous","AS16276","AU","OVH SAS","243","OVH Australia PTY LTD","3128","http","466","572","2022-10-13T16:10:20.613Z","100","66","66"
"114.242.116.58","elite","AS4808","CN","China Unicom Beijing Province Network","261","N/A","4145","socks4","386","1","2022-10-13T16:10:20.206Z","100","167","167"
"200.0.247.82","elite","AS10834","AR","Telefonica de Argentina","218","Smart S.A","4153","socks4","378","1","2022-10-13T16:10:20.207Z","100","183","183"
"135.181.39.109","anonymous","AS24940","FI","Hetzner Online GmbH","35","Hetzner","3127","http","476","540","2022-10-13T16:10:19.853Z","100","68","68"
"202.124.46.97","elite","AS9902","KH","NeocomISP Limited","198","NeocomISP Limited","4145","socks4","443","1","2022-10-13T16:10:19.267Z","99","172","173"
"198.98.61.133","elite","AS53667","US","FranTech Solutions","73","FranTech Solutions","30900","socks4","81","1","2022-10-13T16:10:19.356Z","100","147","147"
"61.9.33.118","anonymous","AS17970","PH","Sky Cable Corporation","284","Sky Cable Corporation","1337","http","541","897","2022-10-13T16:10:19.925Z","100","68","68"
"105.213.145.93","elite","AS16637","ZA","MTN SA","181","MTN SA","5678","socks4","770","1","2022-10-13T16:10:19.851Z","97","153","157"
"103.109.168.36","elite","AS4787","ID","PT Cyberindo Aditama","211","PT. Brena Visi Gemilang","5678","socks4","554","1","2022-10-13T16:10:19.057Z","100","184","184"
"61.7.138.214","elite","AS131090","TH","CAT-BB","166","N/A","4145","socks4","179","1","2022-10-13T16:10:19.358Z","100","63","63"
"172.98.21.161","elite","AS7018","US","AT&T Services, Inc.","89","Bunny Technology LLC","10001","socks4","85","1","2022-10-13T16:10:19.373Z","84","117","140"
"1.1.1.177","elite","AS13335","AU","Cloudflare, Inc","1","APNIC and Cloudflare DNS Resolver project","80","socks4","196","1","2022-10-13T16:10:19.060Z","100","96","96"
"209.124.101.194","elite","AS27742","NI","Amnet US LLC","146","Amnet Datos Nicaragua","5678","socks4","460","1","2022-10-13T16:10:19.266Z","100","63","63"
"66.29.128.241","elite","AS22612","US","Namecheap, Inc.","132","Namecheap, Inc.","65348","socks5","631","1","2022-10-13T16:10:19.566Z","100","181","181"
"119.18.152.138","elite","AS55685","ID","PT. Jala Lintas Media","169","N/A","4145","socks4","457","1","2022-10-13T16:10:19.978Z","99","155","157"
"176.31.226.57","elite","AS16276","FR","OVH SAS","4","OVH ISP","53499","socks5","69","1","2022-10-13T16:10:19.929Z","100","182","182"
"113.161.248.125","elite","AS45899","VN","VietNam Post and Telecom Corporation","244","Vietnam Posts and Telecommunications Group","1080","socks4","423","1","2022-10-13T16:10:19.268Z","100","177","177"
"95.85.254.138","elite","AS43708","CZ","METRONET s.r.o.","37","Metronet","5678","socks4","474","1","2022-10-13T16:10:19.977Z","100","121","121"
"212.3.105.11","elite","AS57993","UA","FOP Khalik Andrey Volodumurovuch","43","HLink","4145","socks4","497","1","2022-10-13T16:10:19.232Z","99","182","184"
"183.88.192.215","elite","AS45629","TH","Triple T Broadband Public Company Limited","180","Triple T Broadband Public Company Limited","8080","socks4","525","1","2022-10-13T16:10:19.058Z","99","122","123"
"179.107.51.4","elite","AS263284","BR","Topmega Internet e Informática LTDA -ME","189","Topmega Internet e Informática LTDA -ME","4145","socks4","566","1","2022-10-13T16:10:19.056Z","97","148","153"
"41.65.236.43","elite","AS36992","EG","Etisalat Misr","125","Nile Online","1981","http","516","519","2022-10-13T16:10:19.569Z","99","66","67"
"41.203.83.242","anonymous","AS37148","NG","Globacom Limited","122","Globacom","8080","http","786","5022","2022-10-13T16:10:19.269Z","99","184","185"
"203.205.55.161","elite","AS45903","VN","CMC Telecom Infrastructure Company","205","CMC Telecom Infrastructure Company","5678","socks4","759","1","2022-10-13T16:10:19.852Z","99","150","152"
"103.210.29.193","elite","AS134922","IN","R G TECHNOSOLUTIONS PVT LTD","159","R G Technosolutions PVT LTD","31433","socks4","779","1","2022-10-13T16:10:19.850Z","98","79","81"
"41.190.233.61","elite","AS37638","CD","Orioncom SPRL","544","N/A","36926","socks4","619","1","2022-10-13T16:10:19.567Z","91","167","184"
"129.226.92.230","elite","AS132203","SG","Tencent Cloud Computing (Beijing) Co","324","Aceville Pte.ltd","443","socks4","60","1","2022-10-13T16:10:18.723Z","59","97","165"
"128.199.59.76","elite","AS14061","NL","DigitalOcean, LLC","14","Digital Ocean","29321","socks5","482","1","2022-10-13T16:10:18.138Z","100","185","185"
"173.244.200.155","elite","AS32780","US","Hosting Services, Inc.","73","Hosting Services, Inc.","30109","socks5","855","1","2022-10-13T16:10:18.541Z","100","182","182"
"177.105.68.16","elite","AS262637","BR","Netprimus Tecnologia Ltda","210","Netprimus Tecnologia Ltda","4153","socks4","836","1","2022-10-13T16:10:18.542Z","100","156","156"
"177.93.76.6","elite","AS263163","BR","JR LINK PROVEDOR DE INTERNET VIA RARIO LTDA","202","JR LINK PROVEDOR DE INTERNET VIA RARIO LTDA","4145","socks4","715","1","2022-10-13T16:10:18.235Z","93","170","183"
"80.85.141.44","elite","AS204601","NL","Zomro B.V.","13","Zomro B.V","3128","http","432","133","2022-10-13T16:10:18.298Z","100","64","64"
"93.184.151.48","elite","AS47288","TR","FIXNET Telekomunikasyon Limited Sirketi","50","N/A","5678","socks4","452","1","2022-10-13T16:10:18.400Z","98","85","87"
"178.128.151.87","elite","AS14061","US","DigitalOcean, LLC","82","Digitalocean","40081","socks5","260","1","2022-10-13T16:10:18.254Z","100","162","162"
"119.18.158.131","elite","AS55685","ID","PT. Jala Lintas Media","180","N/A","4153","socks4","818","1","2022-10-13T16:10:18.543Z","100","184","184"
"87.251.152.225","elite","AS58224","IR","Iran Telecommunication Company PJS","158","Iran Telecommunication Company PJS","8080","socks4","706","1","2022-10-13T16:10:18.236Z","28","28","100"
"35.244.232.197","elite","AS15169","US","Google LLC","1","Google Cloud","80","socks4","492","1","2022-10-13T16:10:18.219Z","100","62","62"
"199.188.93.163","elite","AS64200","US","Vivid-hosting LLC","151","Vivid-hosting LLC","9000","socks5","58","1","2022-10-13T16:10:18.721Z","100","153","153"
"27.184.145.168","elite","AS4134","CN","Chinanet","292","Chinanet HE","21212","socks5","882","1","2022-10-13T16:10:18.851Z","92","55","60"
"95.140.124.217","elite","AS9125","RS","Drustvo za telekomunikacije Orion telekom doo Beograd, Gandijeva 76a","37","Orion Telekom Network","1080","socks4","119","1","2022-10-13T16:10:18.346Z","100","98","98"
"203.215.181.220","elite","AS17787","PK","Pakistan Software Export Board","140","Pakistan Software","36342","socks4","724","1","2022-10-13T16:10:18.222Z","100","152","152"
"188.125.107.117","elite","AS29177","IT","Asco TLC S.p.A.","68","ASCOTLCSPA","47144","http","680","3251","2022-10-13T16:10:18.853Z","98","180","183"
"175.100.35.238","anonymous","AS38623","KH","VIETTEL (CAMBODIA) PTE., LTD","214","Viettel (cambodia) Pte., Ltd.","8181","http","608","593","2022-10-13T16:10:18.354Z","100","63","63"
"165.166.182.41","elite","AS2711","US","Spirit Communications","90","SREE Matthews LLC - Courtyard Inn","37387","socks4","810","1","2022-10-13T16:10:18.544Z","100","182","182"
"116.90.229.186","elite","AS24550","NP","Websurfer Nepal Communication System Pvt. Ltd","165","Websurfer Nepal Communication System Pvt. Ltd","47694","socks4","687","1","2022-10-13T16:10:18.239Z","99","67","68"
"119.12.166.202","elite","AS136907","HK","Huawei International Pte. Ltd.","254","Huawei International Pte. LTD","8118","http","828","5290","2022-10-13T16:10:18.854Z","65","84","129"
"172.67.25.204","elite","AS13335","US","Cloudflare, Inc.","1","Cloudflare, Inc.","80","socks5","579","1","2022-10-13T16:10:17.548Z","100","106","106"
"50.237.206.174","elite","AS7922","US","Comcast Cable Communications, LLC","97","Comcast Cable Communications, LLC","64312","socks4","534","1","2022-10-13T16:10:17.030Z","99","182","183"
"198.98.49.197","elite","AS53667","US","FranTech Solutions","73","FranTech Solutions","30346","socks4","483","1","2022-10-13T16:10:17.772Z","100","147","147"
"217.117.142.18","elite","AS16290","PL","Tarnowski Osrodek Informacyjny","41","Tarman LIR","3629","socks4","549","1","2022-10-13T16:10:17.767Z","99","182","184"
"116.202.100.234","elite","AS24940","DE","Hetzner Online GmbH","15","Hetzner","37435","socks4","642","1","2022-10-13T16:10:17.776Z","100","173","173"
"103.106.112.11","elite","AS136880","ID","SMSNET","168","N/A","5430","socks4","597","1","2022-10-13T16:10:17.981Z","99","155","156"
"203.24.102.86","elite","AS209242","VG","Cloudflare London, LLC","2","Anaga Consulting Limited","80","socks4","891","1","2022-10-13T16:10:17.033Z","99","182","183"
"45.70.237.132","elite","AS264668","EC","Nedetel S.A.","165","Nedetel S.A","4145","socks4","434","1","2022-10-13T16:10:17.774Z","100","116","116"
"119.15.90.22","anonymous","AS24492","KH","WiCAM Corporation Ltd","190","WiCAM Corporation, LTD","8080","http","67","522","2022-10-13T16:10:17.538Z","100","68","68"
"182.107.180.34","elite","AS4134","CN","Chinanet","281","Chinanet JX","31239","socks4","533","1","2022-10-13T16:10:17.550Z","47","40","86"
"104.19.120.84","elite","AS13335","CA","Cloudflare, Inc.","2","Cloudflare, Inc.","80","socks5","468","1","2022-10-13T16:10:17.773Z","99","161","162"
"23.106.219.181","elite","AS396190","US","Leaseweb USA, Inc.","146","LeaseWeb USA, Inc. Seattle","32129","socks4","773","1","2022-10-13T16:10:17.546Z","100","153","153"
"5.59.163.102","elite","AS57888","BA","Telesat d.o.o.","47","DSL-Elektronika d.o.o","5678","socks4","407","1","2022-10-13T16:10:16.839Z","98","122","124"
"177.105.68.13","elite","AS262637","BR","Netprimus Tecnologia Ltda","204","Netprimus Tecnologia Ltda","4153","socks4","116","1","2022-10-13T16:10:16.842Z","99","166","167"
"103.87.24.34","elite","AS136287","IN","Falconet Internet Pvt. Ltd","157","N/A","5678","socks4","98","1","2022-10-13T16:10:16.969Z","100","184","184"
"149.28.171.99","elite","AS20473","AU","The Constant Company","256","Vultr Holdings, LLC","8080","socks4","101","1","2022-10-13T16:10:16.968Z","100","165","165"
"103.79.96.217","elite","AS64308","ID","PT IndoDev Niaga Internet","199","PT IndoDev Niaga Internet","4153","socks4","429","1","2022-10-13T16:10:16.838Z","99","79","80"
"221.121.12.238","elite","AS7602","VN","STS","274","SPT Corp.","36077","http","423","697","2022-10-13T16:10:16.523Z","97","66","68"
"1.10.140.43","elite","AS23969","TH","TOT Public Company Limited","153","TOT Public Company Limited","4145","socks4","395","1","2022-10-13T16:10:16.839Z","100","184","184"
"51.159.134.210","anonymous","AS12876","FR","SCALEWAY","1","ONLINE","3128","http","437","87","2022-10-13T16:10:16.840Z","100","62","62"
"159.203.31.27","elite","AS14061","CA","DigitalOcean, LLC","95","Digital Ocean","8118","http","444","258","2022-10-13T16:10:16.971Z","100","65","65"
"104.20.233.70","elite","AS13335","CA","Cloudflare, Inc.","1","Cloudflare, Inc.","80","socks4","864","1","2022-10-13T16:10:16.975Z","99","147","148"
"103.132.124.18","elite","AS138124","ID","Universitas Samudra","186","Universitas Samudra","5678","socks4","95","1","2022-10-13T16:10:16.969Z","89","136","152"
"182.93.69.74","elite","AS4007","NP","Subisu Cablenet","183","N/A","5678","socks4","141","1","2022-10-13T16:10:16.841Z","97","179","184"
"78.31.92.145","elite","AS30813","PL","Fione Spolka z Ogranicznona Odpowiedzialnoscia Spolka Komandytowa","36","Ostrog.Net","1080","socks4","845","1","2022-10-13T16:10:16.976Z","99","182","184"
"66.211.155.34","anonymous","AS10367","US","FirstLight Fiber","72","First Light Fiber","8080","http","470","186","2022-10-13T16:10:16.841Z","100","63","63"
"185.49.87.116","elite","AS43754","IR","Asiatech Data Transmission company","84","Asiatech Data Transmission company","3128","socks5","906","1","2022-10-13T16:10:16.979Z","100","90","90"
"116.202.192.120","elite","AS24940","DE","Hetzner Online GmbH","15","Hetzner","10002","socks4","464","1","2022-10-13T16:10:15.747Z","100","64","64"
"80.76.236.66","elite","AS39156","RU","First Telecom Ltd","207","First Telecom, Ltd.","3629","socks4","986","1","2022-10-13T16:10:15.141Z","93","172","184"
"181.129.144.59","elite","AS13489","CO","EPM Telecomunicaciones S.A. E.S.P.","136","EPM Telecomunicaciones S.A. E.S.P","3629","socks4","432","1","2022-10-13T16:10:15.748Z","99","183","184"
"115.85.72.202","elite","AS23953","ID","Sudirman Central Business District","197","N/A","5678","socks4","99","1","2022-10-13T16:10:15.749Z","100","182","182"
"45.250.65.188","elite","AS133647","IN","Abc","146","Rimil Infotech PVT LTD","5678","socks4","440","1","2022-10-13T16:10:15.748Z","99","173","174"
"193.107.169.222","elite","AS50648","UA","PE UAinet","50","PE UAinet","5678","socks4","449","1","2022-10-13T16:10:15.748Z","100","174","174"
"116.213.52.253","elite","AS9785","ID","PT. BERCA HARDAYAPERKASA","172","N/A","4145","socks4","362","1","2022-10-13T16:10:15.004Z","91","168","185"
"177.105.68.233","elite","AS262637","BR","Netprimus Tecnologia Ltda","208","Netprimus Tecnologia Ltda","4153","socks4","891","1","2022-10-13T16:10:15.372Z","98","96","98"
"150.129.57.251","elite","AS45287","ID","Varnion Technology Semesta","196","Loha Ubud","4153","socks4","113","1","2022-10-13T16:10:15.750Z","99","183","184"
"185.126.40.232","elite","AS49100","IR","Pishgaman Toseeh Ertebatat Company (Private Joint Stock)","165","User","4153","socks4","691","1","2022-10-13T16:10:15.745Z","97","178","184"
"186.219.96.193","elite","AS262420","BR","Giga TV Ltda - EPP","221","Giga TV Ltda - EPP","52017","socks4","92","1","2022-10-13T16:10:15.750Z","97","174","180"
"27.106.84.186","elite","AS45194","IN","Syscon Infoway Pvt. Ltd","215","Syscon Infoway Pvt. Ltd.","4153","socks4","942","1","2022-10-13T16:10:15.350Z","98","179","183"
"170.80.221.155","elite","AS265274","BR","Fixa Telecomunicações do Brasil Ltda","185","LOCALLINK TELECOMUNICAÇÕES LTDA - ME","4153","socks4","664","1","2022-10-13T16:10:15.746Z","98","62","63"
"176.236.222.15","elite","AS34984","TR","Superonline Iletisim Hizmetleri A.S.","71","Guneydogu Telekom Internet Bilisim VE Iletisim HIZ TIC LTD","1080","socks4","1081","1","2022-10-13T16:10:15.135Z","88","163","185"
"86.59.8.144","elite","AS8437","AT","Hutchison Drei Austria GmbH","37","SIL-NET / Austria","3128","socks4","862","1","2022-10-13T16:10:15.551Z","100","98","98"
"213.97.98.89","elite","AS3352","ES","Telefonica de Espana SAU","33","RIMA (Red IP Multi Acceso)","4153","socks4","645","1","2022-10-13T16:10:15.746Z","100","183","183"
"121.101.185.61","elite","AS38785","ID","BAGUSNET","197","N/A","43296","socks4","175","1","2022-10-13T16:10:15.751Z","92","145","158"
"69.163.160.191","elite","AS26347","US","New Dream Network, LLC","151","New Dream Network, LLC","41610","socks5","915","1","2022-10-13T16:10:15.370Z","100","121","121"
"5.165.2.223","elite","AS51604","RU","JSC \"ER-Telecom Holding\"","63","CJSC \"ER-Telecom Holding\" Yekaterinburg Branch","3629","socks4","908","1","2022-10-13T16:10:15.550Z","98","179","183"
"112.194.91.239","elite","AS4837","CN","China Unicom CHINA169 Sichuan Province Network","275","N/A","57114","socks4","837","1","2022-10-13T16:10:15.552Z","91","105","116"
"27.123.1.36","elite","AS45706","ID","PT Tele Globe Global","168","N/A","4153","socks4","1070","1","2022-10-13T16:10:15.136Z","99","171","172"
"202.154.180.53","elite","AS9341","ID","PT Indonesia Comnets Plus","172","Jakarta2 Iconpln","57730","socks4","1052","1","2022-10-13T16:10:15.138Z","99","182","183"
"161.82.252.34","elite","AS132280","TH","Symphony Communication Public Company Limited","188","N/A","4153","socks4","372","1","2022-10-13T16:10:15.005Z","98","180","183"
"161.49.176.173","anonymous","AS17639","PH","Converge ICT Solution Inc","201","Converge ICT Solution Inc","1337","http","1154","528","2022-10-13T16:10:15.373Z","97","67","69"
"173.236.184.128","elite","AS26347","US","New Dream Network, LLC","78","New Dream Network, LLC","10654","socks4","887","1","2022-10-13T16:10:15.550Z","100","63","63"
"50.47.75.215","elite","AS20055","US","Wholesail networks LLC","142","Ziply Fiber","5678","socks4","190","1","2022-10-13T16:10:15.750Z","100","158","158"
"1.179.173.114","elite","AS131293","TH","TOT Public Company Limited","185","TOT Public Company Limited","4153","socks4","826","1","2022-10-13T16:10:15.553Z","100","107","107"
"110.78.149.43","elite","AS131090","TH","CAT-BB","171","N/A","4145","socks4","672","1","2022-10-13T16:10:15.746Z","94","111","118"
"200.149.32.34","elite","AS7738","BR","Telemar Norte Leste S.A.","188","Telemar Norte Leste S.A","5678","socks4","1018","1","2022-10-13T16:10:15.139Z","95","168","177"
"34.64.4.65","elite","AS139070","SG","Google Asia Pacific Pte. Ltd.","250","Google LLC","80","socks5","594","1","2022-10-13T16:10:15.375Z","100","60","60"
"103.251.221.21","elite","AS58972","IN","BHOMIKA","157","Bhomika","4145","socks4","880","1","2022-10-13T16:10:15.551Z","99","156","157"
"101.35.3.241","elite","AS45090","CN","Shenzhen Tencent Computer Systems Company Limited","223","Tencent Cloud Computing (Beijing) Co., Ltd","2080","socks4","419","1","2022-10-13T16:10:15.003Z","98","178","182"
"94.28.32.117","anonymous","AS12772","RU","JSC \"ER-Telecom Holding\"","194","Enforta KHB","8080","http","1199","638","2022-10-13T16:10:15.142Z","97","63","65"
"109.202.24.25","elite","AS25549","RU","JSC Avantel. Novosibirsk network","102","JSC Avantel. Novosibirsk metropolitan network.","83","socks4","59","1","2022-10-13T16:10:15.375Z","100","122","122"
"192.154.195.76","elite","AS64200","US","Vivid-hosting LLC","151","Vivid-hosting LLC","9000","socks5","1060","1","2022-10-13T16:10:15.137Z","100","61","61"
"54.36.108.221","elite","AS16276","DE","OVH SAS","11","OVH GmbH","40305","socks4","872","1","2022-10-13T16:10:15.551Z","100","183","183"
"14.102.64.209","elite","AS18002","IN","WORLDPHONE","163","N/A","60616","socks4","218","1","2022-10-13T16:10:15.749Z","98","180","183"
"81.201.56.67","anonymous","AS8251","CZ","Neutral Free eXchange members - FreeTel alternate","28","PilsFree, z.s","8888","http","970","360","2022-10-13T16:10:15.747Z","100","68","68"
"54.39.87.232","elite","AS16276","CA","OVH SAS","82","OVH Hosting, Inc","39721","socks5","957","1","2022-10-13T16:10:15.349Z","100","183","183"
"187.19.127.253","elite","AS53160","BR","Unidasnet Comunicacoes Ltda","198","Unidasnet Comunicacoes Ltda","4153","socks4","950","1","2022-10-13T16:10:15.349Z","100","184","184"
"191.6.135.94","elite","AS263305","BR","NET.COM TELECOMUNICACOES EIRELI","195","RCS TELECOMUNICACOES LTDA","4145","socks4","1035","1","2022-10-13T16:10:15.139Z","98","160","163"
"82.99.204.198","elite","AS16322","IR","ParsOnline Co.","82","N/A","1080","socks5","446","1","2022-10-13T16:10:14.824Z","99","162","164"
"45.7.177.246","elite","AS266626","BR","Litoral Telecom","200","Litoral Telecom","39867","socks4","1180","1","2022-10-13T16:10:14.424Z","98","122","124"
"187.102.164.84","elite","AS17222","BR","Mundivox Do Brasil Ltda","192","Mundivox Do Brasil Ltda","1080","socks4","1218","1","2022-10-13T16:10:14.198Z","97","62","64"
"148.77.34.200","elite","AS6128","US","Optimum Online","80","Mountain Development Corp","54321","socks4","1229","1","2022-10-13T16:10:14.767Z","100","90","90"
"194.181.82.37","elite","AS8308","PL","NASK","34","N/A","7497","socks5","113","1","2022-10-13T16:10:14.874Z","100","160","160"
"91.121.175.124","anonymous","AS16276","FR","OVH SAS","5","OVH ISP","80","http","459","88","2022-10-13T16:10:14.831Z","100","130","130"
"51.81.31.168","elite","AS16276","US","OVH SAS","80","OVH US LLC","63897","socks5","1216","1","2022-10-13T16:10:14.768Z","91","137","150"
"103.96.40.172","elite","AS138311","IN","Shree Balaji Infotech Solutions","128","Shree Balaji Infotech Solutions","5678","socks4","1195","1","2022-10-13T16:10:14.768Z","99","182","183"
"75.119.206.82","elite","AS26347","US","New Dream Network, LLC","151","New Dream Network, LLC","32524","socks4","1227","1","2022-10-13T16:10:14.197Z","100","167","167"
"45.112.3.221","elite","AS134000","IN","Gbps Networks Private Limited","201","Gbps Networks Pvt. Ltd.","4145","socks4","1183","1","2022-10-13T16:10:14.200Z","100","142","142"
"41.79.4.99","elite","AS37209","NG","Hyperia Limited","124","HYP Los","2908","socks4","164","1","2022-10-13T16:10:14.011Z","100","63","63"
"154.66.108.34","elite","AS37642","LS","Comnet Pty Ltd","206","ISPClients","10081","socks4","1132","1","2022-10-13T16:10:14.771Z","99","181","183"
"168.227.158.77","elite","AS52898","BR","Multipla Serviços Inteligentes","237","Multipla Serviços Inteligentes","4145","socks4","1176","1","2022-10-13T16:10:14.769Z","100","128","128"
"154.73.85.1","elite","AS327776","BW","STATURE (PTY) LTD","184","Ncbw","57932","socks4","1165","1","2022-10-13T16:10:14.770Z","100","182","182"
"109.73.191.101","elite","AS49924","IT","ECROM-MAIN","165","N/A","5678","socks4","198","1","2022-10-13T16:10:14.898Z","96","158","164"
"185.203.220.16","elite","AS211974","ES","Airecom Internet, S.L.","41","Airecom Internet, S.L","1080","socks4","1221","1","2022-10-13T16:10:14.423Z","99","178","179"
"202.93.228.13","elite","AS38758","ID","PT. HIPERNET INDODATA","185","Hypernet","4153","socks4","1173","1","2022-10-13T16:10:14.425Z","99","160","161"
"103.215.24.162","elite","AS9341","ID","PT.Indonesia Comnets Plus","176","N/A","5678","socks4","1200","1","2022-10-13T16:10:14.199Z","97","106","109"
"144.91.111.4","anonymous","AS51167","DE","Contabo GmbH","21","Contabo GmbH","3128","http","1098","826","2022-10-13T16:10:14.201Z","100","75","75"
"143.95.103.43","elite","AS62729","US","A Small Orange LLC","112","Athenix Inc","60088","socks4","254","1","2022-10-13T16:10:13.848Z","99","170","171"
"104.20.125.124","elite","AS13335","CA","Cloudflare, Inc.","2","Cloudflare, Inc.","80","socks4","656","1","2022-10-13T16:10:13.689Z","99","147","148"
"110.78.146.190","elite","AS131090","TH","CAT-BB","193","N/A","4145","socks4","1036","1","2022-10-13T16:10:13.487Z","83","131","157"
"177.105.67.205","elite","AS262637","BR","Netprimus Tecnologia Ltda","187","Refrescos Guararapes Ltda","4153","socks4","1099","1","2022-10-13T16:10:13.001Z","100","184","184"
"159.224.243.185","elite","AS13188","UA","Content Delivery Network LTD","53","N/A","61303","socks4","1121","1","2022-10-13T16:10:13.000Z","97","178","184"
"202.164.152.229","anonymous","AS17465","IN","Asianet Satellite Communications Pvt Ltd","153","N/A","8080","http","1057","726","2022-10-13T16:10:13.649Z","100","65","65"
"182.253.175.177","elite","AS17451","ID","Biznet Metronet","174","N/A","5678","socks4","1124","1","2022-10-13T16:10:13.646Z","100","65","65"
"154.197.128.161","elite","AS135097","HK","LUOGELANG (FRANCE) LIMITED","141","Shenzhen Jizhan Technology Co., Ltd.","3128","socks5","993","1","2022-10-13T16:10:13.261Z","100","79","79"
"191.36.191.6","elite","AS263338","BR","VEXNET TELECON INFORMÁTICA LTDA","191","VEXNET TELECON INFORMÁTICA LTDA","5678","socks4","1070","1","2022-10-13T16:10:13.649Z","98","128","131"
"196.2.13.12","elite","AS25429","BI","CBINET Burundi","877","Cbinet","4153","socks4","1008","1","2022-10-13T16:10:13.488Z","89","148","166"
"112.87.5.245","elite","AS4837","CN","China Unicom CHINA169 Jiangsu Province Network","215","N/A","38801","socks4","1187","1","2022-10-13T16:10:13.024Z","95","174","183"
"177.86.64.201","elite","AS262623","BR","claudio jose lara -me","191","claudio jose lara -me","3629","socks4","1089","1","2022-10-13T16:10:13.242Z","100","173","173"
"93.171.224.50","elite","AS211570","UA","PE TV and Radio Company Kentavr-TV","56","PE TV and Radio Company Kentavr-TV","4153","socks4","237","1","2022-10-13T16:10:13.846Z","99","166","167"
"182.23.95.129","elite","AS4800","ID","PT Aplikanusa Lintasarta","205","N/A","5678","socks4","1206","1","2022-10-13T16:10:13.023Z","99","182","184"
"113.53.69.166","elite","AS23969","TH","TOT Public Company Limited","199","TOT Public Company Limited","4145","socks4","1111","1","2022-10-13T16:10:13.647Z","70","112","161"
"177.38.5.61","elite","AS52964","BR","FÁBIO MENDES DIAS LTDA ME","229","FÁBIO MENDES DIAS LTDA ME","4153","socks4","934","1","2022-10-13T16:10:13.513Z","95","61","64"
"103.117.192.174","elite","AS137967","BD","DigiCon Telecommunication Ltd","220","DigiCon Telecommunication Ltd","80","http","1105","752","2022-10-13T16:10:13.257Z","100","89","89"
"202.124.46.101","elite","AS9902","KH","NeocomISP Limited","198","NeocomISP Limited","4145","socks4","1088","1","2022-10-13T16:10:13.648Z","100","183","183"
"103.117.108.6","elite","AS137935","BD","I Link Internet Service (I.T)","175","I Link Internet Service (I.T)","4153","socks4","1071","1","2022-10-13T16:10:13.244Z","86","146","169"
"142.93.109.23","elite","AS14061","DE","DigitalOcean, LLC","24","DigitalOcean, LLC","58334","socks5","703","1","2022-10-13T16:10:13.657Z","100","183","183"
"186.211.166.1","elite","AS14840","BR","BR Digital","252","WBO LTDA","4153","socks4","1001","1","2022-10-13T16:10:13.511Z","97","98","101"
"191.36.191.53","elite","AS263338","BR","VEXNET TELECON INFORMÁTICA LTDA","186","VEXNET TELECON INFORMÁTICA LTDA","5678","socks4","1080","1","2022-10-13T16:10:13.243Z","98","125","127"
"190.195.225.34","anonymous","AS7303","AR","Telecom Argentina S.A.","266","Telecom Argentina S.A","8080","http","1130","5192","2022-10-13T16:10:12.715Z","77","51","66"
"177.85.205.177","elite","AS52554","BR","S. A. da Silva Junior","180","S. A. da Silva Junior","3629","socks4","1190","1","2022-10-13T16:10:12.063Z","99","173","174"
"45.7.177.194","elite","AS266626","BR","Litoral Telecom","200","Litoral Telecom","39867","socks4","1171","1","2022-10-13T16:10:12.372Z","98","177","180"
"116.118.48.208","elite","AS63760","VN","AZDIGI Corporation","180","N/A","35050","socks4","1096","1","2022-10-13T16:10:12.069Z","99","182","183"
"192.169.197.146","elite","AS26496","US","GoDaddy.com, LLC","133","GoDaddy.com, LLC","55137","socks5","1157","1","2022-10-13T16:10:12.048Z","100","63","63"
"190.109.72.244","elite","AS264231","BR","RG.COM - INFORMATICA & COMUNICACAO LTDA - ME","186","RG.COM - INFORMATICA & COMUNICACAO LTDA - ME","33633","socks4","1116","1","2022-10-13T16:10:12.717Z","98","137","140"
"173.195.27.148","elite","AS11976","US","Fidelity Communication International Inc.","115","Fidelity Communication International Inc.","10091","socks4","1132","1","2022-10-13T16:10:12.717Z","100","160","160"
"103.86.1.9","elite","AS136371","IN","Airwir Technologies Private Limited","148","Airwir Technologies Private Limited","4145","socks4","1162","1","2022-10-13T16:10:12.716Z","100","180","180"
"102.66.234.5","elite","AS328471","ZA","HERO TELECOMS (PTY) LTD","215","Herotel","5678","socks4","1208","1","2022-10-13T16:10:12.390Z","87","90","103"
"210.4.194.196","elite","AS13445","JP","Cisco Webex LLC","161","Webex Communications Inc","80","socks5","1000","1","2022-10-13T16:10:12.066Z","99","77","78"
"202.164.194.41","elite","AS57324","IQ","Al Lawn Al Akhdar International Company for Communications and Information Tech","108","Gccit","4145","socks4","1199","1","2022-10-13T16:10:12.372Z","99","177","178"
"1.4.195.114","elite","AS23969","TH","TOT Public Company Limited","160","TOT Public Company Limited","4145","socks4","1215","1","2022-10-13T16:10:12.062Z","100","183","183"
"200.52.153.204","elite","AS27932","HN","Redes y Telecomunicaciones","136","Redes y Telecomunicaciones","5678","socks4","1130","1","2022-10-13T16:10:12.049Z","99","119","120"
"103.79.96.218","elite","AS64308","ID","PT IndoDev Niaga Internet","203","PT IndoDev Niaga Internet","4153","socks4","1100","1","2022-10-13T16:10:12.717Z","99","167","168"
"200.58.181.218","elite","AS25620","BO","Cotas Ltda.","201","Universidad Autonoma Gabriel Rene Moreno","4153","socks4","1114","1","2022-10-13T16:10:12.049Z","99","182","183"
"102.66.225.162","elite","AS328471","ZA","HERO TELECOMS (PTY) LTD","224","Herotel","5678","socks4","1062","1","2022-10-13T16:10:11.642Z","63","104","165"
"62.103.186.66","elite","AS6799","GR","OTEnet","58","OTEnet S.A.","4153","socks4","1126","1","2022-10-13T16:10:11.229Z","100","108","108"
"177.105.68.163","elite","AS262637","BR","Netprimus Tecnologia Ltda","211","Netprimus Tecnologia Ltda","4153","socks4","1087","1","2022-10-13T16:10:11.231Z","99","162","163"
"89.237.36.193","elite","AS20485","RU","multi-origin SUTTK","75","N/A","51549","socks4","1118","1","2022-10-13T16:10:11.611Z","100","183","183"
"51.178.25.246","elite","AS16276","FR","OVH SAS","5","OVH","30755","socks5","1089","1","2022-10-13T16:10:11.257Z","100","110","110"
"103.60.138.33","elite","AS134016","IN","Velocity Internet India Private Ltd","220","Velocity Internet India Private Ltd","4153","socks4","1124","1","2022-10-13T16:10:11.253Z","99","144","146"
"69.75.172.53","anonymous","AS20001","US","Charter Communications Inc","144","Spectrum","8080","http","1221","734","2022-10-13T16:10:11.231Z","100","66","66"
"103.252.1.137","anonymous","AS38732","VN","CMCMIENBAC","203","N/A","3128","http","1196","734","2022-10-13T16:10:11.232Z","100","67","67"
"183.88.74.73","elite","AS45629","TH","Triple T Broadband Public Company Limited","166","Triple T Broadband Public Company Limited","4153","socks4","1161","1","2022-10-13T16:10:11.228Z","100","110","110"
"190.121.21.211","elite","AS14117","CL","Telefonica del Sur S.A.","221","Telefonica del Sur S.A","51963","socks4","1065","1","2022-10-13T16:10:11.258Z","99","181","183"
"103.251.222.33","elite","AS58972","IN","BHOMIKA","191","Bhomika","4145","socks4","1247","1","2022-10-13T16:10:10.263Z","99","183","184"
"36.94.8.23","anonymous","AS7713","ID","PT. Telekomunikasi Indonesia","173","Telekomunikasi Indonesia","8080","http","1264","662","2022-10-13T16:10:10.900Z","97","66","68"
"102.244.120.10","elite","AS36912","CM","Orange CAM INTERNET","617","Orange Cameroun SA","45413","socks4","1171","1","2022-10-13T16:10:10.590Z","86","159","184"
"1.20.227.66","elite","AS23969","TH","TOT Public Company Limited","191","TOT Mobile Co LTD","4145","socks4","1129","1","2022-10-13T16:10:10.605Z","100","183","183"
"186.0.200.24","elite","AS7049","AR","Silica Networks Argentina S.A.","223","Silica Networks Argentina S.A","4153","socks4","1255","1","2022-10-13T16:10:10.263Z","96","176","184"
"200.91.251.180","elite","AS18747","CO","IFX NETWORKS COLOMBIA","174","Universidad Autonoma Del Caribe","3629","socks4","1084","1","2022-10-13T16:10:10.899Z","91","168","184"
"43.153.176.106","elite","AS132203","JP","Shenzhen Tencent Computer Systems Company Limited","250","Tencent Cloud Computing","443","socks4","1153","1","2022-10-13T16:10:10.612Z","63","85","136"
"103.121.62.133","elite","AS138146","BD","North Bengal Online","164","North Bengal Online","5678","socks4","1093","1","2022-10-13T16:10:10.899Z","99","138","139"
"193.105.124.46","elite","AS196939","UA","HomeNet ISP","58","Homenet IT LLC","1080","socks5","1332","1","2022-10-13T16:10:10.262Z","99","138","139"
"89.237.35.145","elite","AS20485","RU","multi-origin SUTTK","66","N/A","51549","socks4","1258","1","2022-10-13T16:10:10.589Z","100","165","165"
"36.89.253.7","elite","AS7713","ID","PT. Telekomunikasi Indonesia","180","Telekomunikasi Indonesia","5678","socks4","1140","1","2022-10-13T16:10:10.898Z","67","42","63"
"178.249.218.34","elite","AS44219","IT","ICCOM s.r.l.","58","N/A","5678","socks4","1344","1","2022-10-13T16:10:10.261Z","99","127","128"
"41.203.83.66","anonymous","AS37148","NG","Globacom Limited","115","Globacom","8080","http","1286","823","2022-10-13T16:10:10.264Z","100","62","62"
"1.55.241.4","elite","AS18403","VN","FPT Telecom Company","191","FPTDYNAMICIP","4145","socks4","1108","1","2022-10-13T16:10:10.919Z","96","175","183"
"38.127.179.125","elite","AS174","US","Cogent Communications","78","Torlandia Trading SRL","46656","socks5","1139","1","2022-10-13T16:10:10.287Z","99","106","107"
"217.198.181.50","elite","AS48031","UA","PE Ivanov Vitaliy Sergeevich","55","Proline IT Ltd","49582","socks4","1171","1","2022-10-13T16:10:10.286Z","100","128","128"
"192.181.69.47","elite","AS10796","US","Spectrum","123","Time Warner Cable Internet LLC","5678","socks4","1105","1","2022-10-13T16:10:10.288Z","99","178","179"
"20.25.153.180","elite","AS8075","US","Microsoft Corporation","142","Microsoft Azure Cloud (westus3)","7631","socks5","1157","1","2022-10-13T16:10:10.898Z","99","172","173"
"45.8.105.58","elite","AS209242","DE","Cloudflare London","1","Araxio Development N.V","80","socks5","1126","1","2022-10-13T16:10:10.283Z","100","61","61"
"177.125.161.143","elite","AS262346","BR","FP Telecomunicacoes Ltda","202","FP Telecomunicacoes Ltda","4145","socks4","1127","1","2022-10-13T16:10:10.613Z","89","68","76"
"106.52.125.253","elite","AS45090","CN","Shenzhen Tencent Computer Systems Company Limited","264","Tencent cloud computing (Beijing) Co., Ltd.","5555","socks5","1100","1","2022-10-13T16:10:09.892Z","100","77","77"
"144.76.28.178","elite","AS24940","DE","Hetzner Online GmbH","14","Hetzner","30733","socks4","1110","1","2022-10-13T16:10:09.189Z","100","156","156"
"190.96.97.202","elite","AS262223","EC","Necusoft Cia. Ltda.","166","N/A","4153","socks4","1148","1","2022-10-13T16:10:09.888Z","98","182","185"
"104.16.72.45","elite","AS13335","US","Cloudflare, Inc.","4","Cloudflare, Inc.","80","socks4","1271","1","2022-10-13T16:10:09.185Z","100","67","67"
"212.69.12.166","elite","AS52116","RS","Orion Telekom Tim d.o.o.Beograd","33","Orion Telekom Tim d.o.o.Beograd","1080","socks4","1287","1","2022-10-13T16:10:09.866Z","100","135","135"
"41.190.232.52","elite","AS37638","CD","ORIONCOM-SAT","194","N/A","36926","socks4","1183","1","2022-10-13T16:10:09.168Z","99","167","169"
"178.128.119.195","elite","AS14061","SG","DigitalOcean, LLC","163","Digitalocean","3128","socks4","1252","1","2022-10-13T16:10:09.516Z","100","122","122"
"43.153.177.93","elite","AS132203","JP","Shenzhen Tencent Computer Systems Company Limited","249","Tencent Cloud Computing","443","socks4","1079","1","2022-10-13T16:10:09.533Z","5","7","135"
"116.58.224.33","elite","AS131090","TH","CAT-BB","166","N/A","8080","socks5","1240","3","2022-10-13T16:10:09.516Z","89","58","65"
"117.160.250.132","anonymous","AS24445","CN","China Mobile communications corporation","732","China Mobile","8081","http","1144","1577","2022-10-13T16:10:09.867Z","97","64","66"
"188.255.244.137","elite","AS52116","RS","Orion Telekom ISP IP Network in Subotica","33","Orion Telekom Tim d.o.o.Beograd","1080","socks4","1313","1","2022-10-13T16:10:09.886Z","100","184","184"
"103.47.93.195","elite","AS134058","IN","Broban Internet Services Pvt.ltd","220","Broban  PVT Ltd.","1080","socks4","1263","1","2022-10-13T16:10:09.515Z","99","172","173"
"79.154.160.181","elite","AS3352","ES","RIMA (Red IP Multi Acceso)","26","N/A","4145","socks4","1260","1","2022-10-13T16:10:09.166Z","100","183","183"
"167.172.162.201","elite","AS14061","DE","DigitalOcean, LLC","19","DigitalOcean, LLC","3128","socks4","1146","1","2022-10-13T16:10:09.891Z","100","122","122"
"170.80.91.2","elite","AS264820","CR","Corebases S.A","147","Corebases S.A","4145","socks4","1298","1","2022-10-13T16:10:09.514Z","99","146","147"
"103.47.93.214","elite","AS134058","IN","Broban Internet Services Pvt.ltd","222","Broban  PVT Ltd.","1080","socks4","1195","1","2022-10-13T16:10:09.517Z","100","173","173"
"177.38.5.149","elite","AS52964","BR","FÁBIO MENDES DIAS LTDA ME","222","FÁBIO MENDES DIAS LTDA ME","4153","socks4","1141","1","2022-10-13T16:10:09.532Z","99","179","181"
"50.192.195.69","elite","AS7922","US","Comcast Cable Communications, LLC","177","Comcast Cable Communications, LLC","39792","socks4","1273","1","2022-10-13T16:10:09.515Z","88","110","125"
"117.24.39.121","elite","AS4134","CN","Chinanet","296","Chinanet FJ","8089","socks4","1191","1","2022-10-13T16:10:09.168Z","82","86","105"
"216.80.120.100","elite","AS6079","US","RCN","105","RCN Corporation","3820","socks5","1119","1","2022-10-13T16:10:09.188Z","93","138","149"
"107.178.9.186","anonymous","AS26077","US","Nextlink Broadband","125","Nextlink Broadband","8080","http","1238","718","2022-10-13T16:10:08.119Z","98","64","65"
"8.219.135.23","elite","AS45102","SG","Alibaba (US) Technology Co., Ltd.","243","Alibaba.com Singapore E-Commerce Private Limited","443","socks4","1163","1","2022-10-13T16:10:08.440Z","99","151","152"
"135.181.79.170","elite","AS24940","FI","Hetzner Online GmbH","35","Hetzner","22679","socks4","1179","1","2022-10-13T16:10:08.791Z","99","150","151"
"103.206.105.193","elite","AS18229","IN","Viral Communications Private Limited","152","Viral Communications Private Limited","3629","socks4","1164","1","2022-10-13T16:10:08.792Z","99","181","182"
"49.206.195.204","elite","AS18209","IN","ACT Fibernet","129","Beam Telecom Pvt Ltd","5678","socks4","1214","1","2022-10-13T16:10:08.116Z","98","149","152"
"38.127.179.219","elite","AS174","US","Cogent Communications","82","Torlandia Trading SRL","46656","socks5","1311","1","2022-10-13T16:10:08.154Z","100","116","116"
"222.124.130.197","elite","AS7713","ID","Telekomunikasi Indonesia","172","PT. TELKOM INDONESIA","4145","socks4","1155","1","2022-10-13T16:10:08.792Z","63","106","167"
"160.202.41.194","elite","AS9341","ID","Jakarta 5 8 Iconpln","183","N/A","4153","socks4","1153","1","2022-10-13T16:10:08.441Z","98","181","184"
"49.0.32.177","elite","AS38744","BD","Always On Network Bangladesh Ltd.","157","Always On Network Bangladesh Ltd","10801","socks4","1123","1","2022-10-13T16:10:08.118Z","97","149","153"
"103.89.62.41","elite","AS58972","IN","Bhomika Network PVT LTD","158","Bhomika Network Pvt Ltd","4153","socks4","1224","1","2022-10-13T16:10:08.115Z","100","146","146"
"43.249.140.230","anonymous","AS55653","ID","SKYLINE","206","N/A","8080","http","1201","715","2022-10-13T16:10:08.119Z","100","65","65"
"31.128.248.1","elite","AS208139","UA","ISP Avator","45","\"Merlin-Telekom\" LLC","1080","socks5","1276","1","2022-10-13T16:10:08.155Z","99","171","172"
"202.131.233.187","elite","AS9484","MN","Mobinet LLC","112","Mobinet LLC","5678","socks4","1189","1","2022-10-13T16:10:08.439Z","100","65","65"
"202.159.35.25","elite","AS9340","ID","PT IndoInternet","173","N/A","443","socks4","1112","1","2022-10-13T16:10:08.118Z","99","180","181"
"178.212.52.198","elite","AS197025","PL","Lubuskie Sieci Swiatlowodowe Sp. z o. o.","30","Lubuskie Sieci Swiatlowodowe Sp. z o. o","1080","socks4","1205","1","2022-10-13T16:10:08.791Z","98","158","162"
"68.183.238.150","anonymous","AS14061","SG","DigitalOcean, LLC","162","DigitalOcean, LLC","3128","https","1292","483","2022-10-13T16:10:08.814Z","100","106","106"
"186.5.117.82","anonymous","AS27947","EC","Telconet S.A","165","Clientes Ventanas","999","http","1224","5190","2022-10-13T16:10:08.793Z","99","180","182"
"103.227.145.78","elite","AS141671","ID","PT Samudera Kilat Indonesia","162","Zeuss","5430","socks4","1304","1","2022-10-13T16:10:08.809Z","99","160","161"
"109.86.182.203","elite","AS13188","UA","Triolan","48","N/A","3128","http","1247","717","2022-10-13T16:10:08.119Z","88","56","64"
"195.78.100.186","elite","AS50772","UA","Ukrtranstelecom tc, ltd","52","UTT","3629","socks4","1196","1","2022-10-13T16:10:08.116Z","98","167","171"
"213.210.67.186","elite","AS15759","RU","TOMSKTELECOM","99","OJSC Rostelecom","3629","socks4","1181","1","2022-10-13T16:10:08.439Z","81","149","184"
"27.123.3.139","elite","AS45706","ID","PT Tele Globe Global","165","N/A","4145","socks4","1255","1","2022-10-13T16:10:07.308Z","98","178","181"
"190.216.56.177","elite","AS265758","AR","Cooperativa De Obras Y Servicios Publicos De Despenaderos Limitada","226","Level 3 Argentina S.A","4153","socks4","1200","1","2022-10-13T16:10:07.754Z","100","168","168"
"138.94.190.138","elite","AS28343","BR","Unifique Telecomunicações SA","229","Unifique Telecomunicações SA","8080","socks5","1231","1","2022-10-13T16:10:07.351Z","99","160","162"
"104.18.254.76","elite","AS13335","CA","Cloudflare, Inc.","1","Cloudflare, Inc.","80","socks4","1191","1","2022-10-13T16:10:07.344Z","99","169","170"
"212.83.143.103","elite","AS12876","FR","Online S.A.S.","1","ONLINE","19675","socks4","1199","1","2022-10-13T16:10:07.738Z","100","88","88"
"94.191.67.125","elite","AS45090","CN","Shenzhen Tencent Computer Systems Company Limited","272","Tencent Cloud Computing (Beijing) Co., Ltd","1080","socks4","1206","1","2022-10-13T16:10:07.758Z","95","173","183"
"43.129.207.123","elite","AS132203","HK","Shenzhen Tencent Computer Systems Company Limited","239","Tencent Cloud Computing","3001","socks5","1242","1","2022-10-13T16:10:07.350Z","57","105","184"
"61.7.141.30","anonymous","AS131090","TH","CAT-BB","190","N/A","8080","http","1591","791","2022-10-13T16:10:07.310Z","98","65","66"
"93.171.224.48","elite","AS211570","UA","PE TV and Radio Company Kentavr-TV","58","PE TV and Radio Company Kentavr-TV","4153","socks4","1270","1","2022-10-13T16:10:07.348Z","100","145","145"
"103.47.93.200","elite","AS134058","IN","Broban Internet Services Pvt.ltd","224","Broban  PVT Ltd.","1080","socks4","1141","1","2022-10-13T16:10:07.741Z","100","173","173"
"103.86.1.255","elite","AS136371","IN","Airwir Technologies Private Limited","145","Airwir Technologies Private Limited","4145","socks4","1177","1","2022-10-13T16:10:07.740Z","100","182","182"
"43.135.162.181","elite","AS132203","US","Shenzhen Tencent Computer Systems Company Limited","152","Tencent Cloud Computing","443","socks5","1252","1","2022-10-13T16:10:07.349Z","14","20","140"
"185.32.4.98","elite","AS60645","PL","AS Consulting Sp. z o. o.","39","Core Network Fiber","4153","socks4","1229","1","2022-10-13T16:10:07.308Z","98","121","123"
"177.72.112.249","elite","AS262558","BR","Prompt Brasil Solucoes EM TI Ltda","198","Prompt Brasil Solucoes EM TI Ltda","31164","socks4","1187","1","2022-10-13T16:10:07.739Z","98","170","174"
"200.29.237.107","elite","AS27941","CO","Consulnetwork Ltda","221","MONTAÑO SAA LUIS CARLOS","5678","socks4","1150","1","2022-10-13T16:10:07.740Z","96","152","158"
"31.11.172.54","elite","AS29314","PL","Vectra S.A. BUSINESS P2P CONNECTIONS","50","Vectra S.A","4153","socks4","1299","1","2022-10-13T16:10:06.915Z","100","163","163"
"113.109.25.160","elite","AS4134","CN","Chinanet","266","Chinanet GD","44844","socks4","1218","1","2022-10-13T16:10:06.917Z","57","66","116"
"51.75.247.54","elite","AS16276","FR","OVH SAS","5","OVH","29237","socks5","1237","1","2022-10-13T16:10:06.184Z","100","109","109"
"202.75.97.82","elite","AS45710","ID","Yudhawira Khatulistiwa","191","Choice","38238","socks4","1553","1","2022-10-13T16:10:06.161Z","97","172","178"
"195.133.148.15","anonymous","AS200780","FR","Appliwave SAS","71","Avelia","8080","http","1233","1559","2022-10-13T16:10:06.497Z","71","45","63"
"190.186.23.99","elite","AS25620","BO","Cotas Ltda.","194","Adsl-ip-dinamica - Plan","5678","socks4","1228","1","2022-10-13T16:10:06.917Z","100","63","63"
"102.66.228.60","elite","AS328471","ZA","HERO TELECOMS (PTY) LTD","281","Herotel","5678","socks4","1132","1","2022-10-13T16:10:06.512Z","97","111","114"
"75.119.207.141","elite","AS26347","US","New Dream Network, LLC","151","New Dream Network, LLC","61438","socks5","1254","1","2022-10-13T16:10:06.162Z","100","163","163"
"206.189.9.30","elite","AS14061","NL","DigitalOcean, LLC","15","Digital Ocean","42331","socks5","1212","1","2022-10-13T16:10:06.516Z","99","144","146"
"117.20.56.203","elite","AS23951","ID","CITRA","215","N/A","4145","socks4","1222","1","2022-10-13T16:10:06.496Z","97","176","181"
"187.102.16.66","elite","AS53094","BR","Guanhaes Internet LTDA-ME","193","Guanhaes Internet LTDA-ME","51327","socks4","1185","1","2022-10-13T16:10:06.944Z","100","183","183"
"58.140.227.173","elite","AS10036","KR","DLIVE","237","DLIVE Guro Cable TV","3128","socks4","1213","1","2022-10-13T16:10:06.496Z","100","62","62"
"177.38.182.166","elite","AS52971","BR","Micks Telecom Eireli","227","Prefeitura Municipal de Guanambi","5678","socks4","1187","1","2022-10-13T16:10:06.185Z","99","141","142"
"185.66.59.193","elite","AS200509","ES","Solucions Valencianes i Noves Tecnologies SL","29","Svint","42647","socks4","1281","1","2022-10-13T16:10:06.916Z","100","181","181"
"174.108.154.129","elite","AS11426","US","Spectrum","107","Fastlink Communications","32940","socks4","1573","1","2022-10-13T16:10:06.495Z","99","81","82"
"203.24.109.26","elite","AS209242","BZ","Cloudflare London","2","Umpire Associates LTD","80","socks4","1167","1","2022-10-13T16:10:06.182Z","100","152","152"
"91.224.179.175","elite","AS197602","UA","TeleRadioCompany \"Studio TV-9 Beregsasom\" Ltd.","35","TV9 net 2","5678","socks4","1251","1","2022-10-13T16:10:05.081Z","60","111","184"
"80.89.137.214","elite","AS21127","RU","ZSTTK","94","JSC Zap-SibTranstelecom","4145","socks4","1205","1","2022-10-13T16:10:05.055Z","99","182","184"
"101.109.20.71","elite","AS23969","TH","TOT Public Company Limited","154","TOT Public Company Limited","4145","socks4","1289","1","2022-10-13T16:10:05.086Z","64","56","87"
"43.153.177.147","elite","AS132203","JP","Shenzhen Tencent Computer Systems Company Limited","227","Tencent Cloud Computing","443","socks4","1193","1","2022-10-13T16:10:05.402Z","14","20","142"
"103.115.255.65","elite","AS137868","BD","Star Internet Service","197","Md. Murad Hossain Ripon","36331","socks4","1146","1","2022-10-13T16:10:05.057Z","77","53","69"
"31.13.33.6","anonymous","AS8732","RU","OJSC Comcor","60","Comcor","8080","http","1267","1467","2022-10-13T16:10:05.383Z","100","69","69"
"91.199.93.32","elite","AS44352","UA","I.T.T. Tehnologiya LLC","42","I.T.T. Tehnologiya LLC","4153","socks4","1195","1","2022-10-13T16:10:05.055Z","99","182","184"
"193.228.161.10","elite","AS43201","RU","Telematika LLC","60","Telematika LLC","4153","socks4","1166","1","2022-10-13T16:10:05.056Z","98","138","141"
"45.11.6.117","elite","AS197628","RU","Sudak-Net LLC","144","LLC Sudak-net","54389","socks4","1216","1","2022-10-13T16:10:05.054Z","89","147","165"
"89.216.52.217","elite","AS31042","RS","Serbia Broadband","30","N/A","4153","socks4","1194","1","2022-10-13T16:10:05.772Z","99","147","148"
"111.164.88.250","elite","AS4837","CN","China Unicom Tianjin Province Network","268","N/A","1080","socks4","1119","1","2022-10-13T16:10:05.057Z","90","118","131"
"170.81.182.218","anonymous","AS53121","BR","Infornet Consultoria e Assessoria Ltda","222","Infornet Consultoria e Assessoria Ltda","8090","http","1232","5086","2022-10-13T16:10:05.088Z","94","172","183"
"37.238.170.154","elite","AS203214","IQ","BROADBAND-SUBSCRIBERS","97","EarthLink Ltd. Communications&","4673","socks4","1210","1","2022-10-13T16:10:05.771Z","81","129","160"
"118.96.94.40","elite","AS7713","ID","PT. TELKOM INDONESIA","169","N/A","80","socks4","1155","1","2022-10-13T16:10:05.383Z","96","160","167"
"51.222.12.245","elite","AS16276","CA","OVH SAS","83","OVH Hosting, Inc.","10084","socks5","1188","1","2022-10-13T16:10:05.382Z","86","156","182"
"5.135.178.11","elite","AS16276","FR","OVH SAS","5","OVH","11624","socks5","1271","1","2022-10-13T16:10:05.087Z","100","183","183"
"181.224.253.29","anonymous","AS262253","PE","Econocable Media SAC","194","Econocable Media SAC","8080","http","1176","778","2022-10-13T16:10:05.773Z","97","60","62"
"185.66.59.220","elite","AS200509","ES","Solucions Valencianes i Noves Tecnologies SL","26","Svint","42647","socks4","1186","1","2022-10-13T16:10:05.056Z","100","141","141"
"5.1.104.67","elite","AS198735","IQ","HRiNS network","82","HRiNS For","33041","socks4","1166","1","2022-10-13T16:10:04.707Z","100","184","184"
"138.0.207.18","elite","AS264556","BR","L. Garcia Comunicações ME","164","Marcos de Oliveira Dorta - ME","38328","socks4","1232","1","2022-10-13T16:10:04.690Z","99","182","183"
"103.85.103.6","elite","AS135788","IN","Vedant Broadband","200","N/A","5678","socks4","1236","1","2022-10-13T16:10:04.280Z","99","176","178"
"101.51.121.3","elite","AS23969","TH","TOT Public Company Limited","173","TOT Public Company Limited","4153","socks4","1220","1","2022-10-13T16:10:04.281Z","99","182","183"
"50.96.204.51","elite","AS7029","US","Windstream Communications LLC","109","Windstream Communications LLC","18351","socks4","1264","1","2022-10-13T16:10:04.279Z","99","161","163"
"8.210.54.50","elite","AS45102","HK","Alibaba.com LLC","241","Hong Kong","10081","socks5","1545","1","2022-10-13T16:10:04.301Z","100","122","122"
"188.255.244.73","elite","AS52116","RS","Orion Telekom ISP IP Network in Subotica","35","Orion Telekom Tim d.o.o.Beograd","1080","socks4","1272","1","2022-10-13T16:10:04.279Z","100","120","120"
"195.225.49.135","elite","AS51357","UA","INETIN","45","Freenet Ltd.","55774","socks4","1271","1","2022-10-13T16:10:04.688Z","99","156","157"
"185.189.186.19","elite","AS59497","UA","buknet","50","N/A","1080","socks4","1245","1","2022-10-13T16:10:04.710Z","100","67","67"
"137.184.14.31","elite","AS14061","US","DigitalOcean, LLC","145","DigitalOcean, LLC","52560","socks4","1281","1","2022-10-13T16:10:04.278Z","100","68","68"
"103.251.221.77","elite","AS58972","IN","BHOMIKA","164","Bhomika","4145","socks4","1257","1","2022-10-13T16:10:04.689Z","100","122","122"
"104.25.234.81","elite","AS13335","CA","Cloudflare, Inc.","1","Cloudflare, Inc.","80","socks5","1185","1","2022-10-13T16:10:04.298Z","100","76","76"
"181.48.63.206","elite","AS14080","CO","Telmex Colombia S.A.","136","Telmex Colombia S.A.","4153","socks4","1262","1","2022-10-13T16:10:04.710Z","87","160","184"
"103.76.190.129","elite","AS135758","IN","Alacriy Net System Service Private Limited","157","Alacriy Net System Service Private Limited","4153","socks4","1224","1","2022-10-13T16:10:04.690Z","99","135","136"
"54.36.45.19","elite","AS16276","BE","OVH SAS","5","OVH BE","59438","socks4","1264","1","2022-10-13T16:10:04.714Z","100","119","119"
"118.174.14.65","elite","AS131293","TH","TOT Public Company Limited","216","TOT Public Company Limited","44336","socks4","1207","1","2022-10-13T16:10:04.690Z","96","175","182"
"88.135.43.24","elite","AS57240","IR","Atrin Information & Communications Technology Company PJS","105","Atrin Communications and Information Technology Co.","5678","socks4","1242","1","2022-10-13T16:10:04.714Z","80","111","138"
"138.118.200.181","anonymous","AS270073","VE","Iguana Network Services C.A.","156","Iguana Network Services C.A","999","http","1241","806","2022-10-13T16:10:04.281Z","97","61","63"
"13.229.181.204","elite","AS16509","SG","Amazon Technologies Inc.","198","AWS EC2 (ap-southeast-1)","5122","socks4","1242","1","2022-10-13T16:10:03.918Z","99","101","102"
"170.254.255.226","elite","AS52584","BR","Connect Fibra","190","Connect Fibra","45816","socks4","1211","1","2022-10-13T16:10:03.093Z","99","158","159"
"41.254.53.70","anonymous","AS21003","LY","LTT Network Backbone and POPs","65","Libyan Telecom and Technology","1981","http","1170","746","2022-10-13T16:10:03.096Z","100","68","68"
"31.41.84.40","elite","AS197667","PL","Telekom System sp.z o.o","36","FERO Agnieszka Budner","1099","socks4","1215","1","2022-10-13T16:10:03.501Z","99","182","183"
"45.116.114.18","elite","AS58898","IN","Rainbow Communications India Pvt Ltd","171","Sangamam Direct","5678","socks4","1305","1","2022-10-13T16:10:03.903Z","99","169","170"
"87.106.47.118","elite","AS8560","DE","SCHLUND","9","1&1 Internet AG","7497","socks5","1218","1","2022-10-13T16:10:03.924Z","60","109","182"
"220.130.230.244","elite","AS3462","TW","Chunghwa Telecom Co., Ltd.","231","Chunghwa Telecom Co. Ltd.","1080","socks4","1112","1","2022-10-13T16:10:03.126Z","99","77","78"
"103.47.93.219","elite","AS134058","IN","Broban Internet Services Pvt.ltd","220","Broban  PVT Ltd.","1080","socks4","1203","1","2022-10-13T16:10:03.093Z","100","165","165"
"103.105.40.21","elite","AS137143","IN","Minnal Digital Network Private Limited","161","Minnal Digital Network Private Limited","4145","socks4","1250","1","2022-10-13T16:10:03.905Z","99","182","183"
"43.128.3.115","elite","AS132203","HK","Shenzhen Tencent Computer Systems Company Limited","243","Tencent Cloud Computing","1080","socks5","1187","1","2022-10-13T16:10:03.094Z","100","157","157"
"187.189.81.144","elite","AS22884","MX","Total Play Telecomunicaciones SA De CV","153","Total Play Telecomunicaciones SA De CV","4153","socks4","1171","1","2022-10-13T16:10:03.095Z","98","61","62"
"197.82.166.158","elite","AS10474","ZA","Dimension Data","189","Dimension Data (Pty) Ltd - Optinet","1080","socks4","1179","1","2022-10-13T16:10:03.094Z","99","183","184"
"201.46.29.115","elite","AS28669","BR","America-NET Ltda.","200","America-NET Ltda","5678","socks4","1234","1","2022-10-13T16:10:03.905Z","100","183","183"
"176.236.163.38","elite","AS34984","TR","Superonline Iletisim Hizmetleri A.S.","91","AYD Telekomunikasyon BIL  TEK  SAN  VE TIC  LTD","59311","socks4","1274","1","2022-10-13T16:10:03.904Z","100","167","167"
"185.169.181.12","elite","AS34984","TR","Ates Dc","57","Ibrahim MALA trading as Ates Dc","4145","socks4","1249","1","2022-10-13T16:10:03.500Z","99","172","173"
"173.249.15.6","elite","AS51167","DE","Contabo GmbH","16","Contabo GmbH","63982","socks5","1201","1","2022-10-13T16:10:03.925Z","100","153","153"
"1.10.133.134","elite","AS23969","TH","TOT Public Company Limited","175","Shared Dynamic IP Address for Residential Broadband Services","4145","socks4","1195","1","2022-10-13T16:10:03.094Z","51","57","111"
"177.86.64.241","elite","AS262623","BR","claudio jose lara -me","191","claudio jose lara -me","3629","socks4","1258","1","2022-10-13T16:10:03.904Z","99","165","166"
"185.32.47.1","elite","AS200154","AZ","Izone LLC","88","IZONE Broadband Services","4153","socks4","1165","1","2022-10-13T16:10:03.503Z","100","183","183"
"221.229.252.98","elite","AS4134","CN","Chinanet","272","XuZhou YunQuanShanZhuang CORP","9797","socks4","1134","1","2022-10-13T16:10:03.522Z","96","164","170"
"60.223.244.119","elite","AS4837","CN","China Unicom China169 Network","275","N/A","10800","socks4","1156","1","2022-10-13T16:10:03.095Z","86","56","65"
"31.172.66.22","elite","AS49063","RU","FORNEX","47","Fornex Hosting S.L.","20466","socks4","1175","1","2022-10-13T16:10:03.521Z","100","152","152"
"178.32.112.229","elite","AS16276","FR","OVH SAS","4","OVH ISP","60289","socks4","1142","1","2022-10-13T16:10:03.522Z","99","165","167"
"117.247.174.71","elite","AS9829","IN","BSNL Internet","200","N/A","5678","socks4","1219","1","2022-10-13T16:10:03.092Z","100","88","88"
"185.105.239.31","elite","AS60631","IR","DorisHost","172","DorisHost","3128","socks4","1233","1","2022-10-13T16:10:03.501Z","100","162","162"
"1.0.153.130","elite","AS23969","TH","TOT Public Company Limited","161","TOT Public Company Limited","4145","socks4","1183","1","2022-10-13T16:10:03.502Z","72","68","95"
"202.159.35.121","elite","AS9340","ID","PT IndoInternet","180","N/A","443","socks4","1242","1","2022-10-13T16:10:03.905Z","100","142","142"
"162.255.42.73","elite","AS25899","US","LS Networks","167","LS Networks","39593","socks4","1227","1","2022-10-13T16:10:03.092Z","100","171","171"
"116.58.227.134","elite","AS131090","TH","CAT-BB","185","N/A","4145","socks4","1175","1","2022-10-13T16:10:03.502Z","82","142","173"
"51.15.12.224","elite","AS12876","NL","Online SAS NL","13","SCALEWAY","5214","socks4","1229","1","2022-10-13T16:10:03.924Z","100","141","141"
"195.219.98.27","elite","AS6453","ES","TATA Communications","34","Nexis Tecnologias","5678","socks4","1291","1","2022-10-13T16:10:03.904Z","98","87","89"
"158.69.53.98","elite","AS16276","CA","OVH SAS","87","OVH Hosting, Inc.","9300","http","1199","768","2022-10-13T16:10:02.395Z","100","64","64"
"165.227.112.138","elite","AS14061","US","DigitalOcean, LLC","84","Digital Ocean","1080","socks4","1130","1","2022-10-13T16:10:02.011Z","99","123","124"
"51.83.34.150","elite","AS16276","FR","OVH SAS","7","OVH","34214","socks5","1160","1","2022-10-13T16:10:02.010Z","100","67","67"
"103.70.159.133","elite","AS133720","IN","speednet","119","N/A","5678","socks4","1195","1","2022-10-13T16:10:02.729Z","99","182","183"
"200.32.51.179","elite","AS10834","AR","Telefonica de Argentina","228","Arnet S.A","8080","http","1147","786","2022-10-13T16:10:02.379Z","100","66","66"
"173.212.235.242","elite","AS51167","DE","Contabo GmbH","16","Contabo GmbH","32041","socks4","1291","1","2022-10-13T16:10:02.397Z","100","104","104"
"94.181.33.149","elite","AS41661","RU","CJSC \"ER-Telecom Holding\" Chelyabinsk branch","76","JSC \"ER-Telecom Holding\" Chelyabinsk Branch","40840","socks4","1214","1","2022-10-13T16:10:02.027Z","99","182","183"
"172.67.127.188","elite","AS13335","CA","Cloudflare, Inc.","2","Cloudflare, Inc.","80","socks4","1262","1","2022-10-13T16:10:02.031Z","99","164","165"
"171.100.23.244","elite","AS17552","TH","True Internet Corporation CO. Ltd.","227","Truenet CM","5678","socks4","1178","1","2022-10-13T16:10:02.729Z","68","81","119"
"189.80.143.82","elite","AS7738","BR","Telemar Norte Leste S.A","218","Micromarques Ltda","3128","socks4","1249","1","2022-10-13T16:10:02.760Z","100","158","158"
"95.182.78.11","elite","AS50648","UA","PE UAinet","51","PE UAinet","5678","socks4","1185","1","2022-10-13T16:10:02.009Z","99","146","147"
"177.73.30.155","elite","AS52685","BR","Conectnet Telecomunicações Ltda.","225","Conectnet Telecomunicações Ltda","4145","socks4","1135","1","2022-10-13T16:10:02.379Z","53","93","177"
"103.70.159.132","elite","AS133720","IN","speednet","122","N/A","5678","socks4","1106","1","2022-10-13T16:10:02.011Z","99","171","172"
"106.245.183.60","elite","AS3786","KR","LG DACOM Corporation","280","Boranet","4145","socks4","1203","1","2022-10-13T16:10:02.728Z","100","172","172"
"103.126.21.113","elite","AS58715","BD","Earth","200","N/A","5678","socks4","1125","1","2022-10-13T16:10:02.379Z","98","181","184"
"67.227.147.136","anonymous","AS32244","US","Liquid Web, L.L.C","100","SourceDNS","3128","http","1195","699","2022-10-13T16:10:02.012Z","100","64","64"
"188.255.245.241","elite","AS52116","RS","Orion Telekom ISP IP Network in Subotica","34","Orion Telekom Tim d.o.o.Beograd","1080","socks4","1158","1","2022-10-13T16:10:02.378Z","100","97","97"
"45.235.151.50","elite","AS268202","BR","F R BRAGA INFORMATICA ME","204","F R BRAGA INFORMATICA ME","3629","socks4","1138","1","2022-10-13T16:10:02.010Z","99","172","173"
"27.184.132.162","elite","AS4134","CN","Chinanet","268","Chinanet HE","21212","socks5","1122","1","2022-10-13T16:10:02.011Z","85","51","60"
"114.238.154.57","elite","AS4134","CN","Chinanet","254","Chinanet JS","1080","socks4","1163","1","2022-10-13T16:10:01.239Z","92","120","131"
"173.212.200.30","anonymous","AS51167","DE","Contabo GmbH","15","Contabo GmbH","3128","http","1217","1069","2022-10-13T16:10:01.646Z","97","66","68"
"95.170.201.34","elite","AS21277","IQ","Allay Nawroz Telecom Company for Communication/Ltd.","73","Newroz Corporate","43018","socks4","1237","1","2022-10-13T16:10:01.194Z","100","108","108"
"170.254.255.227","elite","AS52584","BR","Connect Fibra","194","Connect Fibra","45816","socks4","1168","1","2022-10-13T16:10:01.645Z","98","179","182"
"47.98.183.59","elite","AS37963","CN","Hangzhou Alibaba Advertising Co","254","Aliyun Computing Co., LTD","3128","socks5","1191","1","2022-10-13T16:10:01.666Z","97","156","161"
"103.51.44.17","elite","AS133819","ID","CIM","183","N/A","4145","socks4","1214","1","2022-10-13T16:10:01.195Z","98","181","184"
"131.0.143.1","elite","AS61885","BR","Mgnetmoc Ltda","215","Mgnetmoc Ltda","4145","socks4","1187","1","2022-10-13T16:10:01.195Z","99","181","182"
"177.105.68.157","elite","AS262637","BR","Netprimus Tecnologia Ltda","206","Netprimus Tecnologia Ltda","4153","socks4","1205","1","2022-10-13T16:10:01.195Z","98","133","136"
"105.213.67.100","elite","AS16637","ZA","MTN SA","187","MTN SA","5678","socks4","1092","1","2022-10-13T16:10:01.645Z","94","157","167"
"49.75.17.108","elite","AS4134","CN","Chinanet","242","Chinanet JS","44844","socks5","1170","1","2022-10-13T16:10:01.196Z","98","61","62"
"3.233.210.25","anonymous","AS14618","US","Amazon Technologies Inc.","85","AWS EC2 (us-east-1)","3128","http","1205","762","2022-10-13T16:10:01.197Z","100","62","62"
"180.183.225.197","elite","AS45629","TH","Triple T Broadband Public Company Limited","163","Triple T Broadband Public Company Limited","4145","socks4","1181","1","2022-10-13T16:10:00.080Z","88","148","168"
"46.209.100.250","elite","AS42337","IR","Respina Networks & Beyond PJSC","88","Dade Pardazi Respina PJSC","5678","socks4","1243","1","2022-10-13T16:10:00.079Z","100","68","68"
"45.7.177.179","elite","AS266626","BR","Litoral Telecom","200","Litoral Telecom","39867","socks4","1209","1","2022-10-13T16:10:00.818Z","98","162","165"
"191.101.38.162","anonymous","AS271965","DO","Orbitek SRL","140","Ipxo","999","http","1100","783","2022-10-13T16:10:00.470Z","100","68","68"
"111.91.231.65","elite","AS38571","IN","Star Broadband Services","169","SBS","4153","socks4","1177","1","2022-10-13T16:10:00.102Z","100","80","80"
"103.240.33.129","elite","AS132923","IN","Vihaan Telecommunication Pvt. Ltd.","139","Vihaan","8291","socks4","1220","1","2022-10-13T16:10:00.079Z","99","173","174"
"120.88.35.19","elite","AS38457","IN","Honesty Net Solution","123","Honesty Net Solution (I) Pvt Ltd","5678","socks4","1180","1","2022-10-13T16:10:00.446Z","81","140","173"
"45.7.177.10","elite","AS266626","BR","Litoral Telecom","204","Litoral Telecom","52246","socks4","1147","1","2022-10-13T16:10:00.448Z","99","143","144"
"177.64.31.243","elite","AS28573","BR","Claro NXT Telecomunicacoes Ltda","252","Claro NXT Telecomunicacoes Ltda","5678","socks4","1163","1","2022-10-13T16:10:00.447Z","100","185","185"
"1.0.136.76","elite","AS23969","TH","TOT Public Company Limited","151","TOT Public Company Limited","4145","socks4","1115","1","2022-10-13T16:10:00.469Z","78","106","136"
"112.221.46.117","elite","AS3786","KR","LG DACOM Corporation","735","LG Uplus","4153","socks4","1115","1","2022-10-13T16:10:00.098Z","99","178","179"
"103.120.133.141","elite","AS38235","KH","Angkor Data Communication","221","Mekongnet PLN","5678","socks4","1142","1","2022-10-13T16:10:00.469Z","100","73","73"
"104.20.179.187","elite","AS13335","US","Cloudflare, Inc.","1","Cloudflare, Inc.","80","socks5","1146","1","2022-10-13T16:10:00.464Z","100","84","84"
"103.79.96.141","elite","AS64308","ID","PT IndoDev Niaga Internet","200","PT IndoDev Niaga Internet","4153","socks4","1137","1","2022-10-13T16:10:00.081Z","100","171","171"
"103.82.233.2","elite","AS136062","ID","PT. Jurnal Consulting Indonesia","158","N/A","1089","socks4","1154","1","2022-10-13T16:10:00.081Z","99","183","184"
"103.115.255.209","elite","AS137868","BD","Star Internet Service","196","Md. Murad Hossain Ripon","36331","socks4","1154","1","2022-10-13T16:10:00.447Z","86","159","184"
"177.72.82.9","elite","AS262543","BR","Brmom Construindo Conexoes Ltda","242","Brmom Construindo Conexoes Ltda","5678","socks4","1178","1","2022-10-13T16:10:00.818Z","100","183","183"
"164.163.32.3","elite","AS265958","BR","Real Telecom Eireli ME - ME","176","Real Telecom Eireli ME - ME","7497","socks5","1171","1","2022-10-13T16:10:00.839Z","97","147","151"
"185.97.122.253","elite","AS200752","IT","Unitel S.R.L.","26","Spinnaker Srl","4153","socks4","1197","1","2022-10-13T16:10:00.446Z","96","151","157"
"47.74.226.8","elite","AS45102","SG","Alibaba Cloud (Singapore) Private Limited","317","Alibaba.com LLC","5001","http","1167","1073","2022-10-13T16:10:00.465Z","100","62","62"
"118.178.121.234","anonymous","AS37963","CN","Hangzhou Alibaba Advertising Co","255","Aliyun Computing Co., LTD","5000","http","1115","762","2022-10-13T16:10:00.839Z","98","63","64"
"36.95.249.157","anonymous","AS7713","ID","PT. Telekomunikasi Indonesia","185","Telekomunikasi Indonesia","8080","http","1201","766","2022-10-13T16:10:00.448Z","100","68","68"
"141.98.80.28","elite","AS43350","NL","NForce Entertainment B.V.","15","Cloud CDN","10993","socks4","1153","1","2022-10-13T16:10:00.833Z","99","164","165"
"177.80.38.207","elite","AS28573","BR","Claro NXT Telecomunicacoes Ltda","243","Claro S.A","4153","socks4","1234","1","2022-10-13T16:09:59.302Z","94","163","173"
"119.13.76.170","elite","AS136907","HK","Huawei International Pte. LTD","243","N/A","1080","socks5","1252","1","2022-10-13T16:09:59.301Z","99","141","142"
"177.104.123.30","elite","AS28598","BR","MOB SERVICOS DE TELECOMUNICACOES S.A.","176","MOB SERVICOS DE TELECOMUNICACOES S.A","5678","socks4","1227","1","2022-10-13T16:09:59.302Z","97","120","124"
"89.144.30.209","elite","AS12586","DE","GHOSTnet GmbH","10","cloud-interactive.de","13800","socks5","1237","1","2022-10-13T16:09:59.016Z","96","66","69"